name,category,amount
Alice,Food,1000.0
Bun Expense,Food,1000.0
Buger Expense,Food,100.0
Alice,Food,1000.0
Bun Expense,Food,1000.0
Burger Expense,Food,100.0
Coffee Expense,Food,250.0
Lunch Expense,Food,650.0
Dinner Expense,Food,900.0
Bus Fare,Transport,120.0
Taxi Ride,Transport,850.0
Train Ticket,Transport,300.0
Fuel Expense,Transport,2200.0
Movie Ticket,Entertainment,1200.0
Netflix Subscription,Entertainment,1500.0
Game Purchase,Entertainment,800.0
Shopping Mall,Shopping,3500.0
Online Shopping,Shopping,1800.0
Clothes Purchase,Shopping,2400.0
Electricity Bill,Bills,2100.0
Water Bill,Bills,700.0
Internet Bill,Bills,1800.0
Mobile Recharge,Bills,600.0

Alice Expense,Food,1000.0
Shawrama Exp,Food,1000.0
Cat's Food,Pet,1000.0
Apple,Foo,1000.0
